{
  "name": "linkedgen-pro-backend",
  "version": "1.0.0",
  "description": "LinkedGen Pro Backend API",
  "main": "src/index.js",
  "scripts": {
    "start": "node src/index.js",
    "dev": "nodemon src/index.js"
  },
  "dependencies": {
    "express": "^4.18.2",
    "cors": "^2.8.5",
    "helmet": "^7.1.0",
    "dotenv": "^16.3.1",
    "express-rate-limit": "^7.1.5"
  },
  "keywords": ["linkedin", "lead-generation", "ai", "api"],
  "author": "LinkedGen Pro Team",
  "license": "MIT"
} 